<?xml version="1.0" encoding="UTF-8"?>
<simplicite xmlns:xsi="http://www.w3.org/2001/XMLSchema-instance" xmlns="http://www.simplicite.fr/base" xsi:schemaLocation="http://www.simplicite.fr/base https://www.simplicite.io/resources/schemas/base.xsd">
<object>
	<name>AgdTag</name>
	<action>upsert</action>
	<data>
		<agdTagName>Sport/Cyclisme</agdTagName>
		<agdTagActive>1</agdTagActive>
		<agdTagIcne>AgdTag/agdTagIcne/0/1/031b7b037fe7d7a23a3a3cccbd11cb08.jpg</agdTagIcne>
	</data>
	<data>
		<agdTagName>Sport/Football</agdTagName>
		<agdTagActive>1</agdTagActive>
		<agdTagIcne>AgdTag/agdTagIcne/0/2/kisspng-computer-icons-sport-icon-design-spor-5acacc0bd07735.2046578415232399478539.jpg</agdTagIcne>
	</data>
	<data>
		<agdTagName>Sport/Haltérophilie</agdTagName>
		<agdTagActive>1</agdTagActive>
		<agdTagIcne>AgdTag/agdTagIcne/0/3/icone-d-athlete-halterophile-icone-de-barbell-icone-de-sportif-de-vecteur-400-105628394.jpg</agdTagIcne>
	</data>
	<data>
		<agdTagName>Sport/Running</agdTagName>
		<agdTagActive>1</agdTagActive>
		<agdTagIcne>AgdTag/agdTagIcne/0/4/running_sport_13282.png</agdTagIcne>
	</data>
	<data>
		<agdTagName>Sport/Ski</agdTagName>
		<agdTagActive>1</agdTagActive>
		<agdTagIcne>AgdTag/agdTagIcne/0/5/662e9dd0f877bd49fb1bf6498534cd8b.png</agdTagIcne>
	</data>
</object>
<object>
	<name>AgdCity</name>
	<action>upsert</action>
	<data>
		<agdCtyCityCode>83080</agdCtyCityCode>
		<agdCtyName>MONS</agdCtyName>
		<agdCtyZipcode>83440</agdCtyZipcode>
		<agdCtyCoordonnes>43.69117416921337;6.713202480496458</agdCtyCoordonnes>
		<agdCtyPopulation>811</agdCtyPopulation>
	</data>
</object>
<object>
	<name>AgdSites</name>
	<action>upsert</action>
	<data>
		<agdSitPhoto/>
		<agdSitTitle>Site Mons</agdSitTitle>
		<agdSitOtherTitle/>
		<agdSitAdress/>
		<AgdSites_AgdCity_fk.agdCtyCityCode>83080</AgdSites_AgdCity_fk.agdCtyCityCode>
		<AgdSites_AgdCity_fk.agdCtyName>MONS</AgdSites_AgdCity_fk.agdCtyName>
		<AgdSites_AgdCity_fk.agdCtyZipcode>83440</AgdSites_AgdCity_fk.agdCtyZipcode>
	</data>
</object>
<object>
	<name>AgdAds</name>
	<action>upsert</action>
	<data>
		<agdAdsId>1</agdAdsId>
		<agdAdsTitle>Voiture 504 Peugeot</agdAdsTitle>
		<agdAdsBeginDate>2021-01-08</agdAdsBeginDate>
		<agdAdsDescription><![CDATA[Vends voiture peugeot 504 Année 1983]]></agdAdsDescription>
		<agdAdsTypetransaction>1</agdAdsTypetransaction>
		<agdAdsPrice>8000</agdAdsPrice>
		<agdAdsStatus>VAL</agdAdsStatus>
		<agdAdsPhoto>AgdAds/agdAdsPhoto/0/1/images (1).png</agdAdsPhoto>
		<AgdAds_AgdSites_fk.agdSitTitle>Site Mons</AgdAds_AgdSites_fk.agdSitTitle>
		<AgdAds_AgdSites_fk.agdSitAdress/>
		<AgdAds_AgdSites_fk.AgdSites_AgdCity_fk.agdCtyName>MONS</AgdAds_AgdSites_fk.AgdSites_AgdCity_fk.agdCtyName>
		<AgdAds_AgdSites_fk.AgdSites_AgdCity_fk.agdCtyZipcode>83440</AgdAds_AgdSites_fk.AgdSites_AgdCity_fk.agdCtyZipcode>
		<agdAdsRubId.agdRubId/>
		<agdAdsRubId.agdRubTitle/>
	</data>
	<data>
		<agdAdsId>2</agdAdsId>
		<agdAdsTitle>Appareil photo</agdAdsTitle>
		<agdAdsBeginDate>2021-01-08</agdAdsBeginDate>
		<agdAdsDescription><![CDATA[Vends appareil photo pentax]]></agdAdsDescription>
		<agdAdsTypetransaction>1</agdAdsTypetransaction>
		<agdAdsPrice>800</agdAdsPrice>
		<agdAdsStatus>VAL</agdAdsStatus>
		<agdAdsPhoto>AgdAds/agdAdsPhoto/0/3/images (2).png</agdAdsPhoto>
		<AgdAds_AgdSites_fk.agdSitTitle>Site Mons</AgdAds_AgdSites_fk.agdSitTitle>
		<AgdAds_AgdSites_fk.agdSitAdress/>
		<AgdAds_AgdSites_fk.AgdSites_AgdCity_fk.agdCtyName>MONS</AgdAds_AgdSites_fk.AgdSites_AgdCity_fk.agdCtyName>
		<AgdAds_AgdSites_fk.AgdSites_AgdCity_fk.agdCtyZipcode>83440</AgdAds_AgdSites_fk.AgdSites_AgdCity_fk.agdCtyZipcode>
		<agdAdsRubId.agdRubId/>
		<agdAdsRubId.agdRubTitle/>
	</data>
	<data>
		<agdAdsId>3</agdAdsId>
		<agdAdsTitle>Stage pilotage avion Ile-de-France</agdAdsTitle>
		<agdAdsBeginDate>2021-01-04</agdAdsBeginDate>
		<agdAdsDescription><![CDATA[Encadré par une équipe de professionnel il est possible de s’initier au pilotage et de s’élever dans les airs au-dessus des villes et départements que vous affectionnez.]]></agdAdsDescription>
		<agdAdsTypetransaction>1</agdAdsTypetransaction>
		<agdAdsPrice>150</agdAdsPrice>
		<agdAdsStatus>VAL</agdAdsStatus>
		<agdAdsPhoto>AgdAds/agdAdsPhoto/0/2/images (3).png</agdAdsPhoto>
		<AgdAds_AgdSites_fk.agdSitTitle>Site Mons</AgdAds_AgdSites_fk.agdSitTitle>
		<AgdAds_AgdSites_fk.agdSitAdress/>
		<AgdAds_AgdSites_fk.AgdSites_AgdCity_fk.agdCtyName>MONS</AgdAds_AgdSites_fk.AgdSites_AgdCity_fk.agdCtyName>
		<AgdAds_AgdSites_fk.AgdSites_AgdCity_fk.agdCtyZipcode>83440</AgdAds_AgdSites_fk.AgdSites_AgdCity_fk.agdCtyZipcode>
		<agdAdsRubId.agdRubId/>
		<agdAdsRubId.agdRubTitle/>
	</data>
	<data>
		<agdAdsId>4</agdAdsId>
		<agdAdsTitle>Vends bateau</agdAdsTitle>
		<agdAdsBeginDate/>
		<agdAdsDescription/>
		<agdAdsTypetransaction>1</agdAdsTypetransaction>
		<agdAdsPrice>2000</agdAdsPrice>
		<agdAdsStatus>BRO</agdAdsStatus>
		<agdAdsPhoto>AgdAds/agdAdsPhoto/0/4/images (4).png</agdAdsPhoto>
		<AgdAds_AgdSites_fk.agdSitTitle/>
		<AgdAds_AgdSites_fk.agdSitAdress/>
		<AgdAds_AgdSites_fk.AgdSites_AgdCity_fk.agdCtyName/>
		<AgdAds_AgdSites_fk.AgdSites_AgdCity_fk.agdCtyZipcode/>
		<agdAdsRubId.agdRubId/>
		<agdAdsRubId.agdRubTitle/>
	</data>
</object>
<object>
	<name>AgdCLub</name>
	<action>upsert</action>
	<data>
		<agdClubPhotomini/>
		<agdClubTitle>Club</agdClubTitle>
		<agdClubDescription/>
		<agdClubSiteweb/>
		<agdClubAdress>2 rue Briçonnet</agdClubAdress>
		<agdClubCoordonnes/>
		<agdClubPhotoplandaccs/>
		<agdClubSched1>09:00:00</agdClubSched1>
		<agdClubSched2>17:00:00</agdClubSched2>
		<agdClubPriodicit/>
		<agdClubPriodedinscription/>
		<agdClubContactEmail/>
		<agdClubState/>
		<agdClubBPhoto/>
		<agdClubId>1</agdClubId>
		<agdClubPrfId.usr_login/>
		<agdClubPrfId.usr_first_name/>
		<agdClubPrfId.usr_last_name/>
	</data>
</object>
<object>
	<name>AgdNews</name>
	<action>upsert</action>
	<data>
		<agdNewsId>1</agdNewsId>
		<agdNewsTitle>Stage</agdNewsTitle>
		<agdNewsDescription/>
		<agdNewsPhoto>AgdNews/agdNewsPhoto/0/1/images (3).jfif</agdNewsPhoto>
		<agdNewsDatededbut>2022-01-08</agdNewsDatededbut>
		<agdNewsDatedefin>2022-01-10</agdNewsDatedefin>
		<agdNewsState/>
		<agdNewsDatesethoraires/>
		<agdNewsClubId.agdClubId>1</agdNewsClubId.agdClubId>
		<agdNewsClubId.agdClubTitle>Club</agdNewsClubId.agdClubTitle>
		<agdNewsClubId.agdClubDescription/>
		<agdNewsSitId.agdSitTitle/>
		<agdNewsSitId.AgdSites_AgdCity_fk.agdCtyName/>
		<agdNewsSitId.AgdSites_AgdCity_fk.agdCtyZipcode/>
	</data>
</object>
<object>
	<name>AgdClubTag</name>
	<action>upsert</action>
	<data>
		<agdClubtagClubId.agdClubId>1</agdClubtagClubId.agdClubId>
		<agdClubtagClubId.agdClubTitle>Club</agdClubtagClubId.agdClubTitle>
		<agdClubtagTagId.agdTagName>Sport/Football</agdClubtagTagId.agdTagName>
	</data>
	<data>
		<agdClubtagClubId.agdClubId>1</agdClubtagClubId.agdClubId>
		<agdClubtagClubId.agdClubTitle>Club</agdClubtagClubId.agdClubTitle>
		<agdClubtagTagId.agdTagName>Sport/Cyclisme</agdClubtagTagId.agdTagName>
	</data>
</object>
<object>
	<name>AgdNewsTag</name>
	<action>upsert</action>
	<data>
		<agdNewstagNewsId.agdNewsTitle>Stage</agdNewstagNewsId.agdNewsTitle>
		<agdNewstagNewsId.agdNewsId>1</agdNewstagNewsId.agdNewsId>
		<agdNewstagTagId.agdTagName>Sport/Football</agdNewstagTagId.agdTagName>
	</data>
	<data>
		<agdNewstagNewsId.agdNewsTitle>Stage</agdNewstagNewsId.agdNewsTitle>
		<agdNewstagNewsId.agdNewsId>1</agdNewstagNewsId.agdNewsId>
		<agdNewstagTagId.agdTagName>Sport/Cyclisme</agdNewstagTagId.agdTagName>
	</data>
</object>
</simplicite>
